tester,g_g1_1,g_g1_2,g_g1_3,g_g1_4,g_g1_5,g_g1_6,g_g2_1,g_g2_2,g_g2_3,g_g2_4,g_g2_5,g_g2_6
hu,1_4.jpg,1_5.jpg,1_1.jpg,1_3.jpg,1_6.jpg,1_2.jpg,2_4.jpg,2_6.jpg,2_5.jpg,2_2.jpg,2_1.jpg,2_3.jpg
xiao,1_4.jpg,1_6.jpg,1_3.jpg,1_5.jpg,1_2.jpg,1_1.jpg,2_5.jpg,2_4.jpg,2_1.jpg,2_6.jpg,2_3.jpg,2_2.jpg
co,1_6.jpg,1_3.jpg,1_2.jpg,1_4.jpg,1_5.jpg,1_1.jpg,2_1.jpg,2_5.jpg,2_6.jpg,2_4.jpg,2_3.jpg,2_2.jpg
huy,1_4.jpg,1_5.jpg,1_6.jpg,1_3.jpg,1_1.jpg,1_2.jpg,2_4.jpg,2_6.jpg,2_5.jpg,2_3.jpg,2_1.jpg,2_2.jpg
lr,1_4.jpg,1_6.jpg,1_1.jpg,1_5.jpg,1_3.jpg,1_2.jpg,2_6.jpg,2_5.jpg,2_3.jpg,2_2.jpg,2_4.jpg,2_1.jpg
yx,1_3.jpg,1_6.jpg,1_4.jpg,1_1.jpg,1_5.jpg,1_2.jpg,2_3.jpg,2_4.jpg,2_6.jpg,2_2.jpg,2_1.jpg,2_5.jpg
hw,1_6.jpg,1_2.jpg,1_5.jpg,1_1.jpg,1_4.jpg,1_3.jpg,2_3.jpg,2_2.jpg,2_6.jpg,2_1.jpg,2_4.jpg,2_5.jpg
jt,1_4.jpg,1_6.jpg,1_1.jpg,1_2.jpg,1_3.jpg,1_5.jpg,2_2.jpg,2_5.jpg,2_3.jpg,2_1.jpg,2_6.jpg,2_4.jpg
an,1_3.jpg,1_4.jpg,1_6.jpg,1_2.jpg,1_1.jpg,1_5.jpg,2_2.jpg,2_4.jpg,2_5.jpg,2_3.jpg,2_6.jpg,2_1.jpg
tashi,1_6.jpg,1_3.jpg,1_2.jpg,1_4.jpg,1_1.jpg,1_5.jpg,2_4.jpg,2_3.jpg,2_5.jpg,2_6.jpg,2_1.jpg,2_2.jpg
mh,1_1.jpg,1_4.jpg,1_3.jpg,1_6.jpg,1_2.jpg,1_5.jpg,2_4.jpg,2_6.jpg,2_2.jpg,2_5.jpg,2_1.jpg,2_3.jpg
yz,1_2.jpg,1_5.jpg,1_3.jpg,1_6.jpg,1_4.jpg,1_1.jpg,2_5.jpg,2_2.jpg,2_3.jpg,2_1.jpg,2_4.jpg,2_6.jpg
mr,1_6.jpg,1_3.jpg,1_4.jpg,1_1.jpg,1_5.jpg,1_2.jpg,2_3.jpg,2_1.jpg,2_6.jpg,2_5.jpg,2_4.jpg,2_2.jpg
dao,1_4.jpg,1_1.jpg,1_6.jpg,1_5.jpg,1_3.jpg,1_2.jpg,2_4.jpg,2_5.jpg,2_1.jpg,2_3.jpg,2_6.jpg,2_2.jpg
yq,1_6.jpg,1_4.jpg,1_3.jpg,1_1.jpg,1_5.jpg,1_2.jpg,2_4.jpg,2_2.jpg,2_5.jpg,2_3.jpg,2_6.jpg,2_1.jpg
ts,1_6.jpg,1_3.jpg,1_2.jpg,1_4.jpg,1_1.jpg,1_5.jpg,2_4.jpg,2_3.jpg,2_5.jpg,2_6.jpg,2_1.jpg,2_2.jpg
lf,1_2.jpg,1_4.jpg,1_6.jpg,1_3.jpg,1_5.jpg,1_1.jpg,2_5.jpg,2_4.jpg,2_6.jpg,2_3.jpg,2_2.jpg,2_1.jpg
